,Unnamed: 0,Name,State,Pop_Group,Year,Pop,lat,lon,wasted_fuel,annual_delay,delay_per,travel_time,commuter_stress,freeway_pti,congestion_cost,
11,101,Birmingham AL,AL,Med,2017,800,33.570499,-86.765783,  92 ,  59 ,  87 ,  155 ,  164 ,  108 ,  59 ,  69 
114,393,Anniston-Oxford AL,AL,Oth,2017,82,33.5868098,-85.859661,  370 ,  387 ,  347 ,  419 ,  422 ,  401 ,  390 ,  364 
122,393,Auburn AL,AL,Oth,2017,85,33.576353,-86.767638,  166 ,  306 ,  190 ,  303 ,  314 ,  451 ,  310 ,  201 
180,393,Daphne-Fairhope AL,AL,Oth,2017,75,30.6122275,-87.9048183,  279 ,  310 ,  242 ,  196 ,  199 ,  422 ,  314 ,  273 
184,393,Decatur AL,AL,Oth,2017,91,33.514708,-86.868714,  231 ,  364 ,  260 ,  303 ,  314 ,  451 ,  366 ,  273 
190,393,Dothan AL,AL,Oth,2017,82,31.2237434,-85.3933906,  92 ,  262 ,  127 ,  196 ,  199 ,,  265 ,  121 
214,393,Florence AL,AL,Oth,2017,82,33.5661108,-86.7857904,  147 ,  297 ,  180 ,  196 ,  199 ,,  299 ,  190 
224,393,Gadsden AL,AL,Oth,2017,65,34.010929,-85.9989596,  133 ,  333 ,  152 ,  224 ,  246 ,  276 ,  322 ,  155 
262,393,Huntsville AL,AL,Oth,2017,309,33.554113,-86.804219,  231 ,  133 ,  199 ,  196 ,  199 ,  159 ,  135 ,  224 
341,393,Mobile AL,AL,Oth,2017,340,30.6943566,-88.0430541,  133 ,  106 ,  152 ,  224 ,  246 ,  310 ,  107 ,  169 
346,393,Montgomery AL,AL,Oth,2017,290,33.810124,-86.809849,  166 ,  142 ,  190 ,  303 ,  281 ,  324 ,  142 ,  200 
453,393,Tuscaloosa AL,AL,Oth,2017,150,33.490251,-86.859181,  133 ,  181 ,  138 ,  196 ,  181 ,  235 ,  182 ,  138 
49,101,Little Rock AR,AR,Sml,2017,460,34.7464809,-92.2895948,  121 ,  80 ,  69 ,  155 ,  181 ,  145 ,  81 ,  89 
174,393,Conway AR,AR,Oth,2017,78,35.2521996,-92.6888936,  166 ,  343 ,  199 ,  376 ,  389 ,  451 ,  347 ,  222 
211,393,Fayetteville-Springdale-Rogers AR-MO,AR,Oth,2017,340,36.042826,-94.233876,  105 ,  98 ,  119 ,  139 ,  132 ,  131 ,  98 ,  116 
219,393,Fort Smith AR-OK,AR,Oth,2017,128,35.328378,-94.430972,  166 ,  241 ,  199 ,  343 ,  348 ,  324 ,  246 ,  215 
259,393,Hot Springs AR,AR,Oth,2017,56,34.5038393,-93.0552437,  279 ,  398 ,  260 ,  376 ,  348 ,  276 ,  405 ,  290 
273,393,Jonesboro AR,AR,Oth,2017,71,35.8428646,-90.7034522,  199 ,  342 ,  190 ,  261 ,  281 ,  324 ,  347 ,  214 
375,393,Pine Bluff AR,AR,Oth,2017,56,34.2157064,-92.0140402,  415 ,  455 ,  432 ,  419 ,  422 ,  343 ,  457 ,  437 
68,101,Phoenix-Mesa AZ,AZ,Vlg,2017,"4,000",33.3059145,-111.6526441,  15 ,  14 ,  18 ,  22 ,  24 ,  17 ,  14 ,  30 
94,101,Tucson AZ,AZ,Med,2017,875,32.2228765,-110.9748477,  48 ,  47 ,  33 ,  44 ,  75 ,  166 ,  47 ,  64 
124,393,Avondale-Goodyear AZ,AZ,Oth,2017,208,33.4060691,-112.3402465,  279 ,  183 ,  260 ,  261 ,  314 ,  185 ,  185 ,  278 
154,393,Casa Grande AZ,AZ,Oth,2017,59,32.8795022,-111.7573521,  415 ,  461 ,  463 ,  419 ,  457 ,  422 ,  449 ,  466 
212,393,Flagstaff AZ,AZ,Oth,2017,80,35.1987522,-111.6518229,  231 ,  370 ,  301 ,  261 ,  281 ,  257 ,  360 ,  290 
293,393,Lake Havasu City AZ,AZ,Oth,2017,55,34.4838502,-114.3224495,  490 ,  487 ,  488 ,  343 ,  314 ,,  488 ,  489 
386,393,Prescott Valley-Prescott AZ,AZ,Oth,2017,95,34.6100243,-112.315721,  231 ,  317 ,  260 ,  261 ,  246 ,  292 ,  319 ,  263 
422,393,Sierra Vista AZ,AZ,Oth,2017,53,31.5455709,-110.2772249,  479 ,  483 ,  475 ,  224 ,  223 ,,  480 ,  479 
492,393,Yuma AZ-CA,AZ,Oth,2017,139,32.6926588,-114.6276157,  231 ,  263 ,  284 ,  261 ,  281 ,  248 ,  261 ,  277 
7,101,Bakersfield CA,CA,Med,2017,560,35.3738712,-119.0194639,  199 ,  117 ,  199 ,  155 ,  144 ,  111 ,  119 ,  197 
34,101,Fresno CA,CA,Med,2017,700,36.7295295,-119.7088613,  57 ,  64 ,  87 ,  103 ,  95 ,  103 ,  63 ,  74 
41,101,Indio-Cathedral City CA,CA,Sml,2017,375,34.290905,-119.168157,  332 ,  152 ,  378 ,  224 ,  281 ,  257 ,  155 ,  247 
46,101,Lancaster-Palmdale CA,CA,Sml,2017,350,34.6622806,-118.0755648,  370 ,  170 ,  242 ,  224 ,  246 ,  373 ,  173 ,  278 
50,101,Los Angeles-Long Beach-Anaheim CA,CA,Vlg,2017,"12,670",33.83529,-117.9145,  4 ,  1 ,  1 ,  1 ,  1 ,  1 ,  1 ,  1 
65,101,Oxnard CA,CA,Sml,2017,385,34.1976308,-119.1803818,  166 ,  108 ,  116 ,  103 ,  79 ,  56 ,  109 ,  103 
76,101,Riverside-San Bernardino CA,CA,Lrg,2017,"2,075",34.1083449,-117.2897652,  48 ,  18 ,  11 ,  11 ,  8 ,  12 ,  18 ,  16 
78,101,Sacramento CA,CA,Lrg,2017,"1,855",38.5810606,-121.4938951,  27 ,  24 ,  22 ,  21 ,  18 ,  17 ,  24 ,  26 
82,101,San Diego CA,CA,Vlg,2017,"3,195",32.7174209,-117.1627714,  27 ,  15 ,  16 ,  7 ,  5 ,  7 ,  15 ,  7 
83,101,San Francisco-Oakland CA,CA,Vlg,2017,"3,540",37.8044557,-122.2713563,  1 ,  5 ,  2 ,  2 ,  2 ,  2 ,  5 ,  2 
84,101,San Jose CA,CA,Lrg,2017,"1,965",37.3361905,-121.890583,  6 ,  16 ,  5 ,  3 ,  3 ,  3 ,  16 ,  6 
91,101,Stockton CA,CA,Sml,2017,390,37.9577016,-121.2907796,  80 ,  105 ,  127 ,  124 ,  132 ,  97 ,  104 ,  106 
115,393,Antioch CA,CA,Oth,2017,313,38.0049214,-121.805789,  166 ,  112 ,  119 ,  28 ,  33 ,  37 ,  112 ,  124 
118,393,Arroyo Grande-Grover Beach CA,CA,Oth,2017,54,35.12164,-120.62128,  370 ,  384 ,  378 ,  155 ,  61 ,  37 ,  378 ,  378 
148,393,Camarillo CA,CA,Oth,2017,72,34.2176371,-119.0383541,  166 ,  280 ,  111 ,  56 ,  33 ,  41 ,  283 ,  104 
163,393,Chico CA,CA,Oth,2017,108,39.7284945,-121.8374777,  279 ,  331 ,  301 ,  224 ,  223 ,,  327 ,  328 
171,393,Concord CA,CA,Oth,2017,666,37.9768525,-122.0335624,  32 ,  38 ,  38 ,  44 ,  33 ,  34 ,  38 ,  34 
182,393,Davis CA,CA,Oth,2017,79,38.545379,-121.7445835,  133 ,  232 ,  80 ,  56 ,  50 ,  56 ,  239 ,  61 
186,393,Delano CA,CA,Oth,2017,55,35.7688425,-119.2470536,  279 ,  367 ,  260 ,  56 ,  50 ,  82 ,  347 ,  229 
198,393,El Centro-Calexico CA,CA,Oth,2017,120,32.6790572,-115.498703,  332 ,  338 ,  359 ,  155 ,  144 ,  177 ,  337 ,  366 
199,393,El Paso de Robles-Atascadero CA,CA,Oth,2017,69,35.611983,-120.586183,  105 ,  271 ,  106 ,  139 ,  75 ,  56 ,  268 ,  83 
206,393,Fairfield CA,CA,Oth,2017,146,38.2493581,-122.0399663,  66 ,  120 ,  69 ,  56 ,  71 ,  76 ,  122 ,  53 
229,393,Gilroy-Morgan Hill CA,CA,Oth,2017,115,37.1305,-121.65439,  166 ,  200 ,  111 ,  44 ,  40 ,  73 ,  200 ,  97 
245,393,Hanford CA,CA,Oth,2017,93,36.3274502,-119.6456844,  447 ,  439 ,  446 ,  303 ,  314 ,  207 ,  432 ,  464 
252,393,Hemet CA,CA,Oth,2017,187,33.7475203,-116.9719684,  415 ,  327 ,  446 ,  139 ,  132 ,,  327 ,  451 
310,393,Livermore CA,CA,Oth,2017,89,37.6820583,-121.7680531,  66 ,  199 ,  50 ,  56 ,  40 ,  56 ,  197 ,  44 
311,393,Lodi CA,CA,Oth,2017,72,38.097198,-121.3878496,  92 ,  260 ,  101 ,  86 ,  95 ,  131 ,  252 ,  66 
313,393,Lompoc CA,CA,Oth,2017,55,34.6391501,-120.4579409,  479 ,  486 ,  475 ,  196 ,  144 ,,  486 ,  481 
322,393,Madera CA,CA,Oth,2017,90,36.9622745,-120.0594685,  370 ,  396 ,  378 ,  224 ,  223 ,  177 ,  394 ,  388 
328,393,Manteca CA,CA,Oth,2017,92,37.7986184,-121.2117148,  121 ,  231 ,  106 ,  79 ,  90 ,  79 ,  228 ,  85 
334,393,Merced CA,CA,Oth,2017,146,37.1641544,-120.7678602,  370 ,  301 ,  378 ,  261 ,  246 ,  257 ,  295 ,  381 
339,393,Mission Viejo-Lake Forest-San Clem CA,CA,Oth,2017,608,37.706758,-122.461894,  121 ,  57 ,  93 ,  44 ,  61 ,  49 ,  57 ,  76 
342,393,Modesto CA,CA,Oth,2017,373,37.6390972,-120.9968782,  133 ,  92 ,  138 ,  44 ,  71 ,  37 ,  92 ,  135 
351,393,Murrieta-Temecula-Menifee CA,CA,Oth,2017,532,33.72835,-117.14642,  166 ,  84 ,  145 ,  44 ,  40 ,  56 ,  84 ,  147 
355,393,Napa CA,CA,Oth,2017,87,38.2971367,-122.2855293,  66 ,  188 ,  50 ,  44 ,  40 ,  68 ,  188 ,  48 
374,393,Petaluma CA,CA,Oth,2017,67,38.270022,-122.6061224,  121 ,  235 ,  93 ,  56 ,  50 ,  79 ,  234 ,  78 
382,393,Porterville CA,CA,Oth,2017,72,36.06523,-119.0167679,  479 ,  490 ,  485 ,  343 ,  348 ,,  488 ,  488 
391,393,Redding CA,CA,Oth,2017,122,40.5863563,-122.3916754,  279 ,  242 ,  213 ,  224 ,  281 ,  216 ,  242 ,  217 
401,393,Salinas CA,CA,Oth,2017,190,36.6744117,-121.6550372,  166 ,  162 ,  167 ,  124 ,  95 ,  154 ,  162 ,  166 
405,393,San Luis Obispo CA,CA,Oth,2017,62,35.3540209,-120.3757163,  279 ,  356 ,  242 ,  155 ,  106 ,  85 ,  355 ,  258 
407,393,Santa Barbara CA,CA,Oth,2017,206,34.4221319,-119.7026673,  66 ,  102 ,  50 ,  34 ,  40 ,  56 ,  100 ,  41 
408,393,Santa Clarita CA,CA,Oth,2017,270,34.3916641,-118.542586,  166 ,  139 ,  152 ,  86 ,  61 ,  34 ,  137 ,  157 
409,393,Santa Cruz CA,CA,Oth,2017,175,37.050096,-121.9905908,  66 ,  99 ,  75 ,  34 ,  27 ,  47 ,  98 ,  55 
411,393,Santa Maria CA,CA,Oth,2017,140,34.9531295,-120.4358577,  332 ,  298 ,  359 ,  155 ,  75 ,  66 ,  295 ,  360 
412,393,Santa Rosa CA,CA,Oth,2017,316,38.4404925,-122.7141049,  48 ,  67 ,  32 ,  34 ,  27 ,  64 ,  67 ,  31 
416,393,Seaside-Monterey CA,CA,Oth,2017,123,36.62593,-121.8169383,  57 ,  146 ,  44 ,  56 ,  27 ,  49 ,  146 ,  36 
423,393,Simi Valley CA,CA,Oth,2017,129,34.2677404,-118.7538071,  279 ,  275 ,  260 ,  196 ,  181 ,  111 ,  274 ,  275 
447,393,Thousand Oaks CA,CA,Oth,2017,224,34.1714271,-118.9105877,  121 ,  113 ,  75 ,  44 ,  50 ,  32 ,  115 ,  57 
450,393,Tracy CA,CA,Oth,2017,97,37.7396513,-121.4252227,  105 ,  220 ,  106 ,  34 ,  33 ,  71 ,  216 ,  77 
452,393,Turlock CA,CA,Oth,2017,109,37.4946568,-120.8465941,  147 ,  236 ,  145 ,  103 ,  106 ,  136 ,  228 ,  134 
458,393,Vacaville CA,CA,Oth,2017,97,38.3565773,-121.9877444,  231 ,  273 ,  180 ,  261 ,  281 ,  185 ,  274 ,  189 
460,393,Vallejo CA,CA,Oth,2017,178,38.1040864,-122.2566367,  92 ,  125 ,  87 ,  34 ,  58 ,  56 ,  126 ,  68 
462,393,Victorville-Hesperia CA,CA,Oth,2017,347,34.4718965,-117.282509,  332 ,  153 ,  347 ,  261 ,  199 ,  138 ,  152 ,  346 
465,393,Visalia CA,CA,Oth,2017,231,36.3302284,-119.2920585,  279 ,  190 ,  324 ,  224 ,  223 ,  207 ,  187 ,  323 
473,393,Watsonville CA,CA,Oth,2017,75,36.9092773,-121.7529071,  332 ,  360 ,  260 ,  79 ,  90 ,  127 ,  366 ,  282 
486,393,Woodland CA,CA,Oth,2017,58,38.6786109,-121.7733285,  415 ,  436 ,  418 ,  261 ,  246 ,  159 ,  432 ,  433 
491,393,Yuba City CA,CA,Oth,2017,125,39.1404477,-121.6169108,  279 ,  279 ,  260 ,  103 ,  106 ,  41 ,  274 ,  283 
14,101,Boulder CO,CO,Sml,2017,130,40.102555,-105.3632079,  32 ,  187 ,  65 ,  44 ,  61 ,  25 ,  186 ,  81 
24,101,Colorado Springs CO,CO,Med,2017,615,38.8339578,-104.8253485,  57 ,  70 ,  69 ,  124 ,  144 ,  111 ,  70 ,  73 
30,101,Denver-Aurora CO,CO,Lrg,2017,"2,675",39.7392364,-104.9848623,  20 ,  17 ,  20 ,  17 ,  20 ,  23 ,  17 ,  23 
218,393,Fort Collins CO,CO,Oth,2017,298,40.5508527,-105.0668085,  279 ,  147 ,  242 ,  224 ,  223 ,  166 ,  152 ,  269 
234,393,Grand Junction CO,CO,Oth,2017,132,39.063956,-108.5507317,  447 ,  371 ,  432 ,  376 ,  389 ,  463 ,  378 ,  449 
237,393,Greeley CO,CO,Oth,2017,139,40.4233142,-104.7091322,  231 ,  254 ,  213 ,  124 ,  164 ,  122 ,  259 ,  226 
291,393,Lafayette-Louisville-Erie CO,CO,Oth,2017,93,40.05026,-105.04998,  370 ,  376 ,  324 ,  155 ,  164 ,  111 ,  378 ,  351 
314,393,Longmont CO,CO,Oth,2017,99,40.1672117,-105.1019287,  231 ,  281 ,  190 ,  103 ,  144 ,  87 ,  286 ,  197 
387,393,Pueblo CO,CO,Oth,2017,142,38.187635,-104.5350145,  332 ,  246 ,  260 ,  224 ,  246 ,  177 ,  250 ,  281 
15,101,Bridgeport-Stamford CT-NY,CT,Med,2017,960,41.198279,-73.235948,  32 ,  43 ,  28 ,  11 ,  17 ,  16 ,  43 ,  36 
37,101,Hartford CT,CT,Med,2017,910,41.3403944,-72.0243982,  48 ,  53 ,  38 ,  86 ,  106 ,  82 ,  53 ,  52 
59,101,New Haven CT,CT,Med,2017,555,41.3082138,-72.9250518,  66 ,  77 ,  61 ,  103 ,  132 ,  142 ,  77 ,  81 
178,393,Danbury CT-NY,CT,Oth,2017,178,42.647093,-73.930071,  279 ,  203 ,  230 ,  183 ,  164 ,  97 ,  208 ,  244 
361,393,Norwich-New London CT-RI,CT,Oth,2017,225,41.66704,-72.66648,  231 ,  197 ,  199 ,  376 ,  389 ,  276 ,  192 ,  201 
470,393,Waterbury CT,CT,Oth,2017,193,41.5538091,-73.0438362,  370 ,  194 ,  260 ,  155 ,  181 ,  166 ,  192 ,  262 
97,101,Washington DC-VA-MD,DC,Vlg,2017,"5,020",38.9925206,-77.0365676,  2 ,  6 ,  3 ,  7 ,  11 ,  9 ,  6 ,  3 
191,393,Dover DE,DE,Oth,2017,121,39.158168,-75.5243682,  166 ,  247 ,  199 ,  224 ,  246 ,  438 ,  246 ,  205 
18,101,Cape Coral FL,FL,Med,2017,595,26.6059432,-81.9806771,  121 ,  76 ,  101 ,  86 ,  79 ,  131 ,  76 ,  92 
43,101,Jacksonville FL,FL,Lrg,2017,"1,150",30.3321838,-81.655651,  105 ,  46 ,  50 ,  72 ,  61 ,  36 ,  46 ,  51 
55,101,Miami FL,FL,Vlg,2017,"6,040",25.7741728,-80.19362,  5 ,  4 ,  12 ,  17 ,  12 ,  15 ,  4 ,  12 
64,101,Orlando FL,FL,Lrg,2017,"1,690",28.5479786,-81.4127842,  32 ,  30 ,  28 ,  28 ,  61 ,  51 ,  30 ,  29 
66,101,Pensacola FL-AL,FL,Sml,2017,375,30.421309,-87.2169149,  92 ,  109 ,  69 ,  86 ,  106 ,  257 ,  110 ,  123 
86,101,Sarasota-Bradenton FL,FL,Med,2017,715,27.3959884,-82.5540742,  121 ,  75 ,  119 ,  103 ,  90 ,  74 ,  75 ,  142 
92,101,Tampa-St. Petersburg FL,FL,Lrg,2017,"2,650",27.77086,-82.67927,  48 ,  23 ,  38 ,  34 ,  40 ,  23 ,  23 ,  38 
141,393,Bonita Springs FL,FL,Oth,2017,367,26.339806,-81.7786972,  147 ,  111 ,  167 ,  139 ,  106 ,  194 ,  112 ,  178 
187,393,Deltona FL,FL,Oth,2017,197,28.9005446,-81.2636738,  332 ,  240 ,  347 ,  303 ,  246 ,  292 ,  242 ,  363 
220,393,Fort Walton Beach-Navarre-Wright FL,FL,Oth,2017,213,30.421291,-86.598779,  199 ,  171 ,  213 ,  155 ,  132 ,,  176 ,  234 
225,393,Gainesville FL,FL,Oth,2017,196,29.6735776,-82.3233746,  133 ,  157 ,  152 ,  86 ,  75 ,  343 ,  161 ,  167 
258,393,Homosassa Spr-Bev Hills-Citrus Spr FL,FL,Oth,2017,84,28.826606,-82.525222,  370 ,  382 ,  359 ,  303 ,  314 ,,  378 ,  377 
285,393,Kissimmee FL,FL,Oth,2017,363,28.2918995,-81.4075838,  80 ,  85 ,  127 ,  56 ,  50 ,  51 ,  85 ,  120 
288,393,Lady Lake-The Villages FL,FL,Oth,2017,121,28.9305405,-81.9373053,  370 ,  353 ,  404 ,  261 ,  246 ,  373 ,  355 ,  417 
295,393,Lakeland FL,FL,Oth,2017,282,28.0470594,-81.9539139,  279 ,  175 ,  347 ,  261 ,  223 ,  248 ,  175 ,  343 
302,393,Leesburg-Eustis-Tavares FL,FL,Oth,2017,142,28.80416,-81.72563,  279 ,  259 ,  301 ,  224 ,  223 ,  463 ,  261 ,  307 
360,393,North Port-Port Charlotte FL,FL,Oth,2017,197,26.701587,-81.7601813,  279 ,  244 ,  347 ,  303 ,  281 ,  451 ,  246 ,  357 
362,393,Ocala FL,FL,Oth,2017,178,29.1924213,-82.1352047,  166 ,  193 ,  199 ,  261 ,  246 ,  324 ,  192 ,  206 
368,393,Palm Bay-Melbourne FL,FL,Oth,2017,493,28.0486614,-80.6756571,  166 ,  97 ,  230 ,  261 ,  246 ,  401 ,  96 ,  237 
369,393,Palm Coast-Daytona Bch-Port Orange FL,FL,Oth,2017,388,29.564639,-81.192619,  231 ,  140 ,  260 ,  376 ,  348 ,  373 ,  140 ,  270 
370,393,Panama City FL,FL,Oth,2017,159,30.1600827,-85.6545729,  121 ,  178 ,  138 ,  124 ,  106 ,,  179 ,  142 
381,393,Port St. Lucie FL,FL,Oth,2017,423,27.2939333,-80.3503283,  199 ,  116 ,  242 ,  224 ,  223 ,  422 ,  118 ,  252 
417,393,Sebastian-Vero Bch S-Florida Ridge FL,FL,Oth,2017,150,27.77223,-80.511737,  370 ,  285 ,  359 ,  261 ,  246 ,  343 ,  286 ,  379 
418,393,Sebring-Avon Park FL,FL,Oth,2017,62,27.5960827,-81.5060858,  447 ,  424 ,  418 ,  183 ,  199 ,,  413 ,  423 
430,393,Spring Hill FL,FL,Oth,2017,148,28.4635266,-82.5363557,  447 ,  344 ,  432 ,  343 ,  348 ,  373 ,  345 ,  445 
434,393,St. Augustine FL,FL,Oth,2017,78,29.8946952,-81.3145395,  133 ,  292 ,  152 ,  155 ,  164 ,,  295 ,  167 
442,393,Tallahassee FL,FL,Oth,2017,256,30.4380832,-84.2809332,  80 ,  134 ,  119 ,  139 ,  106 ,  343 ,  133 ,  116 
448,393,Titusville FL,FL,Oth,2017,55,28.6122187,-80.8075538,  447 ,  465 ,  446 ,  419 ,  389 ,  438 ,  467 ,  448 
485,393,Winter Haven FL,FL,Oth,2017,209,28.0222435,-81.7328568,  231 ,  204 ,  324 ,  224 ,  223 ,  276 ,  202 ,  335 
493,393,Zephyrhills FL,FL,Oth,2017,74,28.2336196,-82.1811947,  231 ,  406 ,  284 ,  224 ,  223 ,,  407 ,  298 
5,101,Atlanta GA,GA,Vlg,2017,"4,900",33.7490987,-84.3901849,  7 ,  8 ,  8 ,  19 ,  16 ,  12 ,  8 ,  5 
104,393,Albany GA,GA,Oth,2017,97,31.5782062,-84.1556809,  279 ,  329 ,  301 ,  303 ,  314 ,  343 ,  322 ,  313 
120,393,Athens-Clarke County GA,GA,Oth,2017,134,33.9458693,-83.3557816,  166 ,  206 ,  167 ,  196 ,  199 ,  292 ,  213 ,  178 
123,393,Augusta-Richmond County GA-SC,GA,Oth,2017,405,33.4709714,-81.9748429,  199 ,  103 ,  190 ,  224 ,  246 ,  248 ,  104 ,  204 
145,393,Brunswick GA,GA,Oth,2017,81,31.1499528,-81.4914894,  199 ,  378 ,  242 ,  376 ,  389 ,  438 ,  371 ,  255 
153,393,Cartersville GA,GA,Oth,2017,68,34.1650972,-84.7999383,  231 ,  390 ,  260 ,  419 ,  422 ,  451 ,  394 ,  264 
169,393,Columbus GA-AL,GA,Oth,2017,273,32.506942,-84.96944,  231 ,  148 ,  242 ,  261 ,  246 ,  248 ,  149 ,  257 
177,393,Dalton GA,GA,Oth,2017,90,34.7691867,-84.9702475,  279 ,  350 ,  284 ,  376 ,  389 ,  373 ,  347 ,  294 
226,393,Gainesville GA,GA,Oth,2017,149,34.2978794,-83.8240663,  199 ,  221 ,  199 ,  261 ,  281 ,  373 ,  226 ,  206 
256,393,Hinesville GA,GA,Oth,2017,52,31.8477298,-81.5960354,  447 ,  480 ,  446 ,  303 ,  281 ,,  480 ,  459 
321,393,Macon GA,GA,Oth,2017,141,32.8406946,-83.6324022,  199 ,  213 ,  199 ,  376 ,  389 ,  343 ,  216 ,  209 
398,393,Rome GA,GA,Oth,2017,63,34.257038,-85.1646726,  80 ,  269 ,  119 ,  196 ,  199 ,  207 ,  272 ,  119 
414,393,Savannah GA,GA,Oth,2017,283,32.0809263,-81.0911768,  105 ,  104 ,  111 ,  183 ,  181 ,  207 ,  103 ,  107 
459,393,Valdosta GA,GA,Oth,2017,80,30.8327022,-83.2784851,  199 ,  337 ,  230 ,  376 ,  389 ,  451 ,  337 ,  239 
469,393,Warner Robins GA,GA,Oth,2017,146,32.6200973,-83.606568,  279 ,  274 ,  301 ,  343 ,  348 ,  451 ,  274 ,  326 
110,393,Ames IA,IA,Oth,2017,61,42.0267703,-93.6170554,  447 ,  435 ,  463 ,  303 ,  281 ,  343 ,  439 ,  477 
156,393,Cedar Rapids IA,IA,Oth,2017,188,41.9758872,-91.6704053,  332 ,  227 ,  324 ,  303 ,  348 ,  235 ,  232 ,  345 
181,393,Davenport IA-IL,IA,Oth,2017,295,41.5236436,-90.5776368,  370 ,  191 ,  378 ,  419 ,  422 ,  343 ,  191 ,  402 
189,393,Des Moines IA,IA,Oth,2017,507,41.5910641,-93.6037149,  332 ,  114 ,  301 ,  303 ,  314 ,  194 ,  119 ,  325 
193,393,Dubuque IA-IL,IA,Oth,2017,70,42.5006217,-90.6647967,  415 ,  453 ,  432 ,  303 ,  281 ,,  457 ,  444 
264,393,Iowa City IA,IA,Oth,2017,123,41.6612561,-91.5299106,  332 ,  311 ,  347 ,  343 ,  348 ,  343 ,  310 ,  355 
424,393,Sioux City IA-NE-SD,IA,Oth,2017,109,43.198027,-92.161281,  415 ,  365 ,  378 ,  376 ,  389 ,  216 ,  366 ,  403 
471,393,Waterloo IA,IA,Oth,2017,116,42.4979693,-92.3329637,  479 ,  428 ,  475 ,  462 ,  457 ,  324 ,  425 ,  481 
12,101,Boise ID,ID,Sml,2017,390,43.6166163,-116.200886,  48 ,  86 ,  61 ,  103 ,  95 ,  149 ,  87 ,  79 
166,393,Coeur d'Alene ID,ID,Oth,2017,113,47.6742994,-116.7811531,  231 ,  299 ,  260 ,  261 ,  314 ,  343 ,  299 ,  289 
263,393,Idaho Falls ID,ID,Oth,2017,97,43.4935245,-112.0400919,  447 ,  443 ,  463 ,  419 ,  422 ,  324 ,  443 ,  474 
304,393,Lewiston ID-WA,ID,Oth,2017,53,46.049983,-116.351624,  415 ,  472 ,  446 ,  343 ,  314 ,  216 ,  473 ,  450 
354,393,Nampa ID,ID,Oth,2017,170,43.5737361,-116.5596313,  370 ,  272 ,  359 ,  224 ,  132 ,  122 ,  274 ,  385 
377,393,Pocatello ID,ID,Oth,2017,72,42.8688613,-112.4401098,  370 ,  432 ,  404 ,  376 ,  389 ,  401 ,  432 ,  413 
21,101,Chicago IL-IN,IL,Vlg,2017,"8,720",41.8755616,-87.6244212,  12 ,  3 ,  10 ,  16 ,  19 ,  21 ,  3 ,  11 
107,393,Alton IL-MO,IL,Oth,2017,84,38.922652,-90.177646,  493 ,  494 ,  493 ,  494 ,  494 ,  373 ,  494 ,
139,393,Bloomington-Normal IL,IL,Oth,2017,136,40.508752,-88.9844947,  447 ,  400 ,  463 ,  462 ,  486 ,  451 ,  405 ,  469 
151,393,Carbondale IL,IL,Oth,2017,68,37.7274692,-89.216655,  447 ,  466 ,  446 ,  419 ,  422 ,  401 ,  467 ,  455 
158,393,Champaign IL,IL,Oth,2017,153,40.1164205,-88.2433829,  415 ,  347 ,  432 ,  376 ,  389 ,  401 ,  347 ,  442 
179,393,Danville IL,IL,Oth,2017,52,40.125222,-87.6304614,  447 ,  489 ,  475 ,  419 ,  422 ,  401 ,  488 ,  475 
183,393,DeKalb IL,IL,Oth,2017,76,41.8903447,-88.7713953,  447 ,  477 ,  463 ,  462 ,  457 ,  451 ,  480 ,  473 
185,393,Decatur IL,IL,Oth,2017,66,39.8454163,-88.9524151,  415 ,  417 ,  432 ,  376 ,  389 ,  257 ,  413 ,  437 
279,393,Kankakee IL,IL,Oth,2017,85,41.1253903,-87.848682,  370 ,  419 ,  404 ,  376 ,  389 ,  401 ,  413 ,  409 
373,393,Peoria IL,IL,Oth,2017,271,40.6938609,-89.5891008,  415 ,  218 ,  404 ,  419 ,  422 ,  324 ,  219 ,  420 
396,393,Rockford IL,IL,Oth,2017,302,42.2713945,-89.093966,  231 ,  156 ,  301 ,  303 ,  314 ,  310 ,  148 ,  287 
431,393,Springfield IL,IL,Oth,2017,163,39.7990175,-89.6439575,  370 ,  282 ,  378 ,  376 ,  422 ,  438 ,  280 ,  391 
40,101,Indianapolis IN,IN,Lrg,2017,"1,605",39.7683331,-86.1583502,  32 ,  40 ,  44 ,  79 ,  95 ,  142 ,  39 ,  70 
111,393,Anderson IN,IN,Oth,2017,89,40.1053196,-85.6802541,  415 ,  420 ,  418 ,  462 ,  457 ,  422 ,  413 ,  430 
138,393,Bloomington IN,IN,Oth,2017,117,39.1670396,-86.5342881,  332 ,  340 ,  359 ,  196 ,  199 ,  149 ,  327 ,  365 
170,393,Columbus IN,IN,Oth,2017,59,39.2014405,-85.9213796,  447 ,  474 ,  475 ,  462 ,  486 ,  451 ,  473 ,  484 
201,393,Elkhart IN-MI,IN,Oth,2017,146,41.6819935,-85.9766671,  332 ,  312 ,  404 ,  343 ,  348 ,  257 ,  299 ,  391 
204,393,Evansville IN-KY,IN,Oth,2017,238,37.997128,-87.574963,  332 ,  198 ,  324 ,  261 ,  281 ,  310 ,  192 ,  339 
221,393,Fort Wayne IN,IN,Oth,2017,324,41.0799898,-85.1386015,  279 ,  149 ,  301 ,  261 ,  281 ,  324 ,  147 ,  318 
286,393,Kokomo IN,IN,Oth,2017,65,40.4864444,-86.1336351,  479 ,  469 ,  475 ,  419 ,  422 ,  438 ,  467 ,  484 
289,393,Lafayette IN,IN,Oth,2017,163,40.4167022,-86.8752869,  231 ,  255 ,  301 ,  196 ,  199 ,  324 ,  252 ,  319 
335,393,Michigan City-La Porte IN-MI,IN,Oth,2017,68,41.712381,-86.88454,  415 ,  470 ,  446 ,  462 ,  457 ,  422 ,  467 ,  453 
350,393,Muncie IN,IN,Oth,2017,93,40.1936892,-85.3865271,  415 ,  421 ,  432 ,  376 ,  389 ,  310 ,  413 ,  436 
427,393,South Bend IN-MI,IN,Oth,2017,280,41.6833813,-86.2500066,  370 ,  211 ,  404 ,  343 ,  389 ,  257 ,  204 ,  407 
444,393,Terre Haute IN,IN,Oth,2017,94,39.4667025,-87.4139119,  279 ,  354 ,  324 ,  376 ,  348 ,  223 ,  345 ,  310 
98,101,Wichita KS,KS,Med,2017,515,37.6922361,-97.3375448,  92 ,  89 ,  106 ,  139 ,  164 ,  159 ,  88 ,  199 
299,393,Lawrence KS,KS,Oth,2017,94,38.9719384,-95.2359496,  332 ,  373 ,  378 ,  303 ,  348 ,  343 ,  371 ,  401 
325,393,Manhattan KS,KS,Oth,2017,61,39.1836082,-96.5716694,  447 ,  458 ,  446 ,  303 ,  314 ,  422 ,  457 ,  461 
449,393,Topeka KS,KS,Oth,2017,151,39.049011,-95.677556,  231 ,  230 ,  242 ,  303 ,  281 ,  223 ,  226 ,  253 
51,101,Louisville-Jefferson County KY-IN,KY,Lrg,2017,"1,115",38.209237,-85.7038502,  66 ,  50 ,  50 ,  79 ,  95 ,  119 ,  50 ,  95 
142,393,Bowling Green KY,KY,Oth,2017,94,36.9903199,-86.4436018,  66 ,  237 ,  106 ,  139 ,  144 ,  257 ,  234 ,  85 
200,393,Elizabethtown-Radcliff KY,KY,Oth,2017,78,37.750521,-85.901571,  415 ,  395 ,  378 ,  303 ,  281 ,  216 ,  394 ,  395 
307,393,Lexington-Fayette KY,KY,Oth,2017,314,38.0464066,-84.4970393,  66 ,  91 ,  101 ,  72 ,  79 ,  199 ,  91 ,  74 
367,393,Owensboro KY,KY,Oth,2017,76,37.7742152,-87.1133304,  332 ,  404 ,  359 ,  303 ,  314 ,  248 ,  394 ,  353 
9,101,Baton Rouge LA,LA,Med,2017,640,30.4459596,-91.18738,  20 ,  51 ,  24 ,  31 ,  50 ,  22 ,  51 ,  28 
60,101,New Orleans LA,LA,Med,2017,985,29.9499323,-90.0701156,  15 ,  32 ,  24 ,  6 ,  15 ,  10 ,  32 ,  21 
106,393,Alexandria LA,LA,Oth,2017,84,31.311248,-92.4449087,  147 ,  283 ,  167 ,  183 ,  199 ,  173 ,  272 ,  162 
244,393,Hammond LA,LA,Oth,2017,76,30.5043583,-90.4611995,  231 ,  361 ,  260 ,  419 ,  422 ,  324 ,  347 ,  303 
260,393,Houma LA,LA,Oth,2017,148,29.5957696,-90.7195348,  231 ,  256 ,  301 ,  261 ,  246 ,  373 ,  252 ,  294 
290,393,Lafayette LA,LA,Oth,2017,271,30.2240897,-92.0198427,  92 ,  123 ,  135 ,  155 ,  144 ,  228 ,  117 ,  115 
292,393,Lake Charles LA,LA,Oth,2017,148,30.2265949,-93.2173759,  92 ,  174 ,  127 ,  139 ,  132 ,  79 ,  165 ,  97 
324,393,Mandeville-Covington LA,LA,Oth,2017,112,30.4417761,-90.0854063,  66 ,  205 ,  111 ,  103 ,  106 ,  111 ,  204 ,  97 
344,393,Monroe LA,LA,Oth,2017,122,32.5093109,-92.1193012,  279 ,  293 ,  301 ,  261 ,  246 ,  199 ,  292 ,  314 
421,393,Shreveport LA,LA,Oth,2017,305,32.5221828,-93.7651944,  105 ,  119 ,  152 ,  261 ,  246 ,  194 ,  106 ,  130 
426,393,Slidell LA,LA,Oth,2017,94,30.2751945,-89.7811745,  332 ,  379 ,  359 ,  419 ,  457 ,  401 ,  360 ,  352 
13,101,Boston MA-NH-RI,MA,Vlg,2017,"4,500",42.328368,-71.057723,  7 ,  11 ,  6 ,  19 ,  22 ,  20 ,  11 ,  8 
89,101,Springfield MA-CT,MA,Med,2017,630,42.1018764,-72.5886727,  57 ,  71 ,  80 ,  183 ,  199 ,  185 ,  71 ,  96 
100,101,Worcester MA-CT,MA,Sml,2017,495,42.2761217,-71.8058232,  80 ,  82 ,  69 ,  139 ,  164 ,  173 ,  83 ,  67 
126,393,Barnstable Town MA,MA,Oth,2017,254,41.7353861,-70.336412,  279 ,  166 ,  260 ,  419 ,  422 ,  373 ,  171 ,  270 
303,393,Leominster-Fitchburg MA,MA,Oth,2017,121,42.498297,-71.751801,  231 ,  276 ,  242 ,  343 ,  314 ,  207 ,  280 ,  259 
357,393,New Bedford MA,MA,Oth,2017,150,41.6362152,-70.934205,  231 ,  225 ,  230 ,  343 ,  348 ,  343 ,  228 ,  247 
376,393,Pittsfield MA,MA,Oth,2017,60,42.451302,-73.260018,  370 ,  416 ,  378 ,  303 ,  314 ,,  413 ,  395 
8,101,Baltimore MD,MD,Lrg,2017,"2,620",39.2908816,-76.610759,  32 ,  20 ,  22 ,  25 ,  58 ,  29 ,  20 ,  33 
101,393,Aberdeen-Bel Air S-Bel Air N MD,MD,Oth,2017,217,39.498869,-76.159505,  231 ,  168 ,  213 ,  224 ,  223 ,  177 ,  168 ,  220 
176,393,Cumberland MD-WV-PA,MD,Oth,2017,52,39.650801,-78.764633,  231 ,  401 ,  260 ,  303 ,  314 ,  207 ,  394 ,  278 
222,393,Frederick MD,MD,Oth,2017,157,39.4142186,-77.4109269,  199 ,  195 ,  167 ,  155 ,  144 ,  99 ,  197 ,  173 
243,393,Hagerstown MD-WV-PA,MD,Oth,2017,196,39.633491,-77.244565,  370 ,  267 ,  404 ,  462 ,  457 ,  373 ,  256 ,  395 
306,393,Lexington Park-Cal-Ches Ranch Est MD,MD,Oth,2017,62,39.00039,-76.74997,  166 ,  393 ,  167 ,  72 ,  71 ,,  394 ,  185 
402,393,Salisbury MD-DE,MD,Oth,2017,104,38.3662114,-75.6008881,  279 ,  314 ,  284 ,  261 ,  281 ,  373 ,  314 ,  285 
467,393,Waldorf MD,MD,Oth,2017,120,38.6263882,-76.9106581,  231 ,  251 ,  213 ,  183 ,  181 ,  185 ,  256 ,  228 
478,393,Westminster-Eldersburg MD,MD,Oth,2017,75,39.572918,-76.992582,  231 ,  349 ,  230 ,  155 ,  164 ,,  347 ,  231 
125,393,Bangor ME,ME,Oth,2017,63,44.8011821,-68.7778138,  147 ,  362 ,  180 ,  261 ,  314 ,  257 ,  360 ,  182 
305,393,Lewiston ME,ME,Oth,2017,63,44.100351,-70.2147764,  199 ,  382 ,  230 ,  303 ,  348 ,  276 ,  378 ,  238 
383,393,Portland ME,ME,Oth,2017,212,43.6610277,-70.2548596,  147 ,  151 ,  152 ,  196 ,  223 ,  235 ,  149 ,  163 
31,101,Detroit MI,MI,Vlg,2017,"3,825",42.3315509,-83.0466403,  20 ,  13 ,  20 ,  28 ,  58 ,  31 ,  13 ,  25 
35,101,Grand Rapids MI,MI,Med,2017,630,42.9142413,-85.533004,  92 ,  63 ,  80 ,  155 ,  181 ,  166 ,  64 ,  101 
113,393,Ann Arbor MI,MI,Oth,2017,311,42.2681569,-83.7312291,  231 ,  137 ,  230 ,  196 ,  181 ,  111 ,  137 ,  232 
127,393,Battle Creek MI,MI,Oth,2017,82,42.3192548,-85.1824269,  370 ,  408 ,  378 ,  462 ,  486 ,  373 ,  407 ,  380 
128,393,Bay City MI,MI,Oth,2017,73,43.5886343,-83.8744196,  332 ,  422 ,  359 ,  419 ,  422 ,  373 ,  425 ,  372 
133,393,Benton Harbor-St. Joseph-Fair Plain MI,MI,Oth,2017,62,42.0739913,-86.4377958,  370 ,  463 ,  378 ,  462 ,  457 ,  401 ,  457 ,  395 
213,393,Flint MI,MI,Oth,2017,339,43.0161693,-83.6900211,  370 ,  160 ,  359 ,  419 ,  457 ,  343 ,  163 ,  384 
257,393,Holland MI,MI,Oth,2017,104,42.7876022,-86.1090828,  447 ,  413 ,  432 ,  376 ,  389 ,  343 ,  411 ,  446 
266,393,Jackson MI,MI,Oth,2017,91,42.2416466,-84.425589,  332 ,  381 ,  347 ,  376 ,  389 ,  235 ,  378 ,  360 
278,393,Kalamazoo MI,MI,Oth,2017,218,42.291707,-85.5872286,  279 ,  209 ,  324 ,  376 ,  422 ,  343 ,  209 ,  343 
297,393,Lansing MI,MI,Oth,2017,324,42.7338147,-84.5207088,  370 ,  172 ,  359 ,  376 ,  422 ,  292 ,  174 ,  372 
337,393,Midland MI,MI,Oth,2017,62,43.6155825,-84.2472117,  447 ,  466 ,  446 ,  462 ,  486 ,  422 ,  467 ,  464 
345,393,Monroe MI,MI,Oth,2017,63,41.9153358,-83.5135665,  415 ,  459 ,  446 ,  462 ,  486 ,  438 ,  457 ,  447 
352,393,Muskegon MI,MI,Oth,2017,164,43.2341813,-86.2483921,  415 ,  326 ,  432 ,  419 ,  457 ,  343 ,  327 ,  441 
380,393,Port Huron MI,MI,Oth,2017,87,42.9815877,-82.440466,  332 ,  363 ,  324 ,  303 ,  314 ,  177 ,  355 ,  330 
400,393,Saginaw MI,MI,Oth,2017,125,43.4200387,-83.9490365,  279 ,  300 ,  324 ,  419 ,  422 ,  422 ,  298 ,  333 
428,393,South Lyon-Howell MI,MI,Oth,2017,127,44.672176,-84.137226,  370 ,  305 ,  347 ,  419 ,  389 ,  199 ,  305 ,  350 
57,101,Minneapolis-St. Paul MN-WI,MN,Lrg,2017,"2,850",44.961742,-93.226891,  66 ,  19 ,  31 ,  25 ,  50 ,  51 ,  19 ,  39 
194,393,Duluth MN-WI,MN,Oth,2017,126,46.7729322,-92.1251218,  370 ,  328 ,  359 ,  343 ,  348 ,  248 ,  327 ,  375 
326,393,Mankato MN,MN,Oth,2017,60,44.1634663,-93.9993505,  447 ,  471 ,  446 ,  376 ,  348 ,  292 ,  473 ,  458 
394,393,Rochester MN,MN,Oth,2017,117,44.0234387,-92.4630182,  332 ,  291 ,  284 ,  224 ,  281 ,  194 ,  292 ,  302 
435,393,St. Cloud MN,MN,Oth,2017,115,45.5616075,-94.1642004,  279 ,  313 ,  324 ,  303 ,  314 ,  343 ,  314 ,  338 
44,101,Kansas City MO-KS,MO,Lrg,2017,"1,605",38.407058,-94.60416,  105 ,  37 ,  49 ,  124 ,  144 ,  111 ,  37 ,  62 
90,101,St. Louis MO-IL,MO,Lrg,2017,"2,200",38.6264178,-90.1998378,  57 ,  25 ,  50 ,  124 ,  164 ,  99 ,  25 ,  50 
150,393,Cape Girardeau MO-IL,MO,Oth,2017,55,37.3034933,-89.5230357,  279 ,  393 ,  284 ,  261 ,  281 ,  276 ,  394 ,  305 
168,393,Columbia MO,MO,Oth,2017,136,38.951883,-92.3337366,  279 ,  264 ,  284 ,  224 ,  281 ,  228 ,  268 ,  285 
270,393,Jefferson City MO,MO,Oth,2017,59,38.577359,-92.1724265,  279 ,  352 ,  213 ,  224 ,  246 ,  207 ,  360 ,  229 
274,393,Joplin MO,MO,Oth,2017,86,37.08418,-94.51323,  199 ,  339 ,  242 ,  303 ,  348 ,  310 ,  337 ,  250 
432,393,Springfield MO,MO,Oth,2017,290,37.2166779,-93.2920373,  147 ,  100 ,  116 ,  86 ,  106 ,  136 ,  100 ,  109 
437,393,St. Joseph MO-KS,MO,Oth,2017,82,39.7686055,-94.8466322,  332 ,  402 ,  378 ,  343 ,  348 ,  343 ,  394 ,  381 
42,101,Jackson MS,MS,Sml,2017,365,32.2990384,-90.1847691,  133 ,  95 ,  75 ,  155 ,  181 ,  216 ,  97 ,  111 
242,393,Gulfport MS,MS,Oth,2017,230,30.3674198,-89.0928155,  231 ,  173 ,  242 ,  343 ,  348 ,  451 ,  177 ,  265 
250,393,Hattiesburg MS,MS,Oth,2017,81,31.3271189,-89.2903392,  147 ,  288 ,  167 ,  224 ,  246 ,  422 ,  290 ,  172 
372,393,Pascagoula MS,MS,Oth,2017,50,30.3646795,-88.5585995,  370 ,  451 ,  359 ,  376 ,  389 ,  401 ,  457 ,  393 
134,393,Billings MT,MT,Oth,2017,119,45.7874957,-108.49607,  279 ,  302 ,  324 ,  261 ,  246 ,  292 ,  299 ,  348 
236,393,Great Falls MT,MT,Oth,2017,66,47.5048851,-111.2918908,  370 ,  440 ,  404 ,  224 ,  223 ,  177 ,  439 ,  412 
340,393,Missoula MT,MT,Oth,2017,88,46.8701049,-113.9952672,  199 ,  303 ,  213 ,  155 ,  144 ,  276 ,  305 ,  236 
20,101,Charlotte NC-SC,NC,Lrg,2017,"1,340",35.2272,-80.843083,  32 ,  36 ,  28 ,  34 ,  61 ,  40 ,  36 ,  19 
36,101,Greensboro NC,NC,Sml,2017,330,36.0726355,-79.7919754,  105 ,  130 ,  93 ,  155 ,  181 ,  257 ,  129 ,  132 
74,101,Raleigh NC,NC,Lrg,2017,"1,030",35.7803977,-78.6390989,  92 ,  54 ,  75 ,  86 ,  132 ,  66 ,  54 ,  71 
99,101,Winston-Salem NC,NC,Sml,2017,420,36.0998131,-80.2440518,  199 ,  128 ,  167 ,  196 ,  223 ,  173 ,  129 ,  211 
119,393,Asheville NC,NC,Oth,2017,307,35.6009498,-82.5540161,  199 ,  126 ,  167 ,  303 ,  281 ,  177 ,  127 ,  174 
146,393,Burlington NC,NC,Oth,2017,137,36.0956918,-79.4377991,  370 ,  335 ,  378 ,  462 ,  457 ,  373 ,  337 ,  404 
172,393,Concord NC,NC,Oth,2017,251,35.4093772,-80.5797416,  166 ,  150 ,  180 ,  196 ,  106 ,  85 ,  149 ,  183 
195,393,Durham NC,NC,Oth,2017,389,35.996653,-78.9018053,  147 ,  87 ,  119 ,  103 ,  106 ,  93 ,  89 ,  125 
210,393,Fayetteville NC,NC,Oth,2017,330,35.0525759,-78.878292,  279 ,  143 ,  260 ,  261 ,  246 ,  257 ,  144 ,  292 
228,393,Gastonia NC-SC,NC,Oth,2017,181,35.2622158,-81.1838794,  231 ,  189 ,  199 ,  261 ,  246 ,  138 ,  190 ,  211 
231,393,Goldsboro NC,NC,Oth,2017,62,35.3848841,-77.9927651,  332 ,  414 ,  324 ,  343 ,  389 ,  343 ,  413 ,  339 
239,393,Greenville NC,NC,Oth,2017,130,35.612661,-77.3663538,  121 ,  196 ,  138 ,  124 ,  106 ,  401 ,  202 ,  144 
253,393,Hickory NC,NC,Oth,2017,231,35.7333312,-81.3442915,  332 ,  192 ,  301 ,  419 ,  422 ,  373 ,  197 ,  328 
254,393,High Point NC,NC,Oth,2017,175,35.9556924,-80.0053176,  370 ,  268 ,  378 ,  419 ,  422 ,  401 ,  274 ,  390 
268,393,Jacksonville NC,NC,Oth,2017,109,34.7494749,-77.4208221,  279 ,  308 ,  284 ,  224 ,  199 ,  235 ,  310 ,  311 
358,393,New Bern NC,NC,Oth,2017,51,35.1084931,-77.0441143,  447 ,  447 ,  432 ,  343 ,  348 ,  292 ,  449 ,  435 
397,393,Rocky Mount NC,NC,Oth,2017,71,35.9423833,-77.7956949,  279 ,  410 ,  301 ,  419 ,  422 ,  422 ,  411 ,  331 
483,393,Wilmington NC,NC,Oth,2017,241,34.2257282,-77.9447107,  147 ,  141 ,  152 ,  155 ,  144 ,  373 ,  143 ,  176 
136,393,Bismarck ND,ND,Oth,2017,94,46.808327,-100.783739,  332 ,  359 ,  324 ,  261 ,  246 ,  199 ,  366 ,  353 
208,393,Fargo ND-MN,ND,Oth,2017,195,46.877229,-96.789821,  332 ,  245 ,  324 ,  103 ,  132 ,  185 ,  251 ,  362 
232,393,Grand Forks ND-MN,ND,Oth,2017,69,47.9078244,-97.0592028,  231 ,  289 ,  213 ,  343 ,  348 ,  276 ,  290 ,  227 
63,101,Omaha NE-IA,NE,Med,2017,785,41.2587459,-95.9383758,  80 ,  65 ,  93 ,  86 ,  106 ,  145 ,  65 ,  118 
233,393,Grand Island NE,NE,Oth,2017,53,40.924271,-98.338685,  490 ,  491 ,  488 ,  376 ,  422 ,  257 ,  488 ,  491 
309,393,Lincoln NE,NE,Oth,2017,283,40.8088861,-96.7077751,  279 ,  177 ,  347 ,  261 ,  246 ,  343 ,  179 ,  356 
192,393,Dover-Rochester NH-ME,NH,Oth,2017,92,43.66702,-71.4998,  279 ,  330 ,  260 ,  303 ,  281 ,  276 ,  327 ,  270 
323,393,Manchester NH,NH,Oth,2017,159,42.9956397,-71.4547891,  231 ,  208 ,  230 ,  343 ,  348 ,  310 ,  213 ,  239 
356,393,Nashua NH-MA,NH,Oth,2017,234,42.7653662,-71.467566,  231 ,  163 ,  230 ,  224 ,  223 ,  119 ,  166 ,  232 
384,393,Portsmouth NH-ME,NH,Oth,2017,122,43.089227,-70.7835,  231 ,  243 ,  138 ,  303 ,  348 ,  223 ,  245 ,  139 
121,393,Atlantic City NJ,NJ,Oth,2017,250,39.3642852,-74.4229351,  231 ,  154 ,  242 ,  303 ,  281 ,  257 ,  155 ,  253 
451,393,Trenton NJ,NJ,Oth,2017,300,40.2170575,-74.7429463,  166 ,  122 ,  152 ,  196 ,  95 ,  145 ,  124 ,  159 
454,393,Twin Rivers-Highstown NJ,NJ,Oth,2017,65,40.276047,-74.49065,  166 ,  336 ,  167 ,  196 ,  181 ,  438 ,  337 ,  176 
463,393,Villas NJ,NJ,Oth,2017,50,39.0287239,-74.9385068,  447 ,  481 ,  446 ,  419 ,  348 ,  422 ,  480 ,  463 
464,393,Vineland NJ,NJ,Oth,2017,95,39.4862777,-75.0254256,  370 ,  379 ,  378 ,  376 ,  389 ,  373 ,  378 ,  389 
2,101,Albuquerque NM,NM,Med,2017,760,35.0841034,-106.6509851,  48 ,  58 ,  65 ,  56 ,  79 ,  87 ,  58 ,  46 
209,393,Farmington NM,NM,Oth,2017,55,36.7291152,-108.2054451,  415 ,  441 ,  418 ,  343 ,  314 ,,  439 ,  427 
298,393,Las Cruces NM,NM,Oth,2017,136,32.3140354,-106.7798078,  231 ,  265 ,  301 ,  343 ,  348 ,  324 ,  268 ,  311 
318,393,Los Lunas NM,NM,Oth,2017,63,34.8142093,-106.7613067,  479 ,  468 ,  475 ,  303 ,  314 ,  438 ,  467 ,  479 
410,393,Santa Fe NM,NM,Oth,2017,92,35.6869996,-105.9377997,  121 ,  266 ,  152 ,  224 ,  199 ,  438 ,  265 ,  157 
48,101,Las Vegas-Henderson NV,NV,Lrg,2017,"2,070",36.0077547,-115.006381,  48 ,  28 ,  35 ,  23 ,  40 ,  47 ,  27 ,  47 
152,393,Carson City NV,NV,Oth,2017,59,39.1649125,-119.7666496,  370 ,  399 ,  378 ,  224 ,  199 ,  235 ,  394 ,  385 
392,393,Reno NV-CA,NV,Oth,2017,428,39.5261206,-119.8126581,  166 ,  96 ,  180 ,  155 ,  144 ,  127 ,  95 ,  183 
1,101,Albany-Schenectady NY,NY,Med,2017,610,42.8142432,-73.9395687,  42 ,  72 ,  43 ,  86 ,  106 ,  149 ,  72 ,  92 
17,101,Buffalo NY,NY,Med,2017,940,42.8867166,-78.8783922,  29 ,  48 ,  44 ,  103 ,  132 ,  91 ,  48 ,  42 
61,101,New York-Newark NY-NJ-CT,NY,Vlg,2017,"19,095",43.00035,-75.4999,  2 ,  2 ,  4 ,  7 ,  14 ,  14 ,  2 ,  4 
71,101,Poughkeepsie-Newburgh NY-NJ,NY,Sml,2017,440,43.00035,-75.4999,  57 ,  101 ,  101 ,  196 ,  223 ,  292 ,  102 ,  141 
77,101,Rochester NY,NY,Med,2017,725,43.157285,-77.615214,  48 ,  62 ,  87 ,  103 ,  132 ,  159 ,  62 ,  80 
135,393,Binghamton NY-PA,NY,Oth,2017,159,43.00035,-75.4999,  332 ,  261 ,  347 ,  462 ,  389 ,  292 ,  259 ,  339 
202,393,Elmira NY,NY,Oth,2017,68,42.0897965,-76.8077338,  415 ,  449 ,  418 ,  462 ,  457 ,  373 ,  449 ,  433 
230,393,Glens Falls NY,NY,Oth,2017,67,43.309941,-73.644447,  231 ,  358 ,  230 ,  419 ,  389 ,  438 ,  360 ,  242 
265,393,Ithaca NY,NY,Oth,2017,55,42.4396039,-76.4968019,  166 ,  374 ,  167 ,  86 ,  79 ,  29 ,  378 ,  171 
284,393,Kingston NY,NY,Oth,2017,115,41.9287812,-74.0023702,  231 ,  290 ,  199 ,  462 ,  422 ,  343 ,  292 ,  211 
413,393,Saratoga Springs NY,NY,Oth,2017,71,43.0821793,-73.7853915,  166 ,  320 ,  180 ,  419 ,  389 ,  373 ,  319 ,  180 
441,393,Syracuse NY,NY,Oth,2017,425,43.0481221,-76.1474244,  279 ,  131 ,  301 ,  376 ,  348 ,  257 ,  129 ,  309 
457,393,Utica NY,NY,Oth,2017,119,43.1009031,-75.2326641,  332 ,  304 ,  324 ,  462 ,  457 ,  343 ,  305 ,  335 
472,393,Watertown NY,NY,Oth,2017,57,43.9747838,-75.9107565,  479 ,  456 ,  463 ,  462 ,  457 ,  401 ,  457 ,  466 
0,101,Akron OH,OH,Med,2017,570,41.083064,-81.518485,  80 ,  79 ,  101 ,  224 ,  246 ,  154 ,  79 ,  114 
22,101,Cincinnati OH-KY-IN,OH,Lrg,2017,"1,670",39.0942615,-84.5101901,  20 ,  29 ,  33 ,  86 ,  106 ,  74 ,  29 ,  27 
23,101,Cleveland OH,OH,Lrg,2017,"1,760",41.5051613,-81.6934446,  29 ,  31 ,  50 ,  124 ,  164 ,  122 ,  31 ,  40 
26,101,Columbus OH,OH,Lrg,2017,"1,495",39.9622601,-83.0007065,  42 ,  34 ,  38 ,  72 ,  79 ,  64 ,  35 ,  32 
29,101,Dayton OH,OH,Med,2017,745,39.7589478,-84.1916069,  133 ,  73 ,  127 ,  183 ,  199 ,  199 ,  73 ,  145 
93,101,Toledo OH-MI,OH,Med,2017,515,41.6786754,-83.5127283,  42 ,  78 ,  87 ,  139 ,  164 ,  185 ,  78 ,  88 
149,393,Canton OH,OH,Oth,2017,287,40.7985464,-81.3749508,  199 ,  138 ,  199 ,  376 ,  281 ,  185 ,  139 ,  209 
308,393,Lima OH,OH,Oth,2017,79,40.7399785,-84.105006,  370 ,  438 ,  418 ,  376 ,  389 ,  373 ,  432 ,  416 
317,393,Lorain-Elyria OH,OH,Oth,2017,184,41.4134338,-82.0725031,  279 ,  238 ,  324 ,  419 ,  348 ,  276 ,  234 ,  334 
327,393,Mansfield OH,OH,Oth,2017,77,40.75839,-82.5154471,  370 ,  427 ,  404 ,  462 ,  457 ,  422 ,  429 ,  419 
336,393,Middletown OH,OH,Oth,2017,103,39.5150576,-84.3982763,  370 ,  369 ,  378 ,  376 ,  389 ,  257 ,  371 ,  395 
359,393,Newark OH,OH,Oth,2017,78,40.0581205,-82.4012643,  447 ,  253 ,  284 ,  124 ,  27 ,  45 ,  265 ,  319 
433,393,Springfield OH,OH,Oth,2017,86,39.9234046,-83.810138,  447 ,  446 ,  463 ,  462 ,  457 ,  438 ,  449 ,  461 
490,393,Youngstown OH-PA,OH,Oth,2017,394,41.2203913,-80.51889,  279 ,  136 ,  301 ,  419 ,  348 ,  276 ,  136 ,  316 
62,101,Oklahoma City OK,OK,Lrg,2017,"1,010",35.4729886,-97.5170536,  42 ,  39 ,  38 ,  72 ,  90 ,  90 ,  40 ,  58 
95,101,Tulsa OK,OK,Med,2017,755,36.1556805,-95.9929113,  80 ,  55 ,  50 ,  124 ,  144 ,  149 ,  55 ,  94 
300,393,Lawton OK,OK,Oth,2017,102,34.6086854,-98.3903305,  479 ,  482 ,  488 ,  462 ,  457 ,  292 ,  480 ,  490 
33,101,Eugene OR,OR,Sml,2017,260,44.0505054,-123.0950506,  57 ,  144 ,  87 ,  86 ,  106 ,  138 ,  141 ,  104 
70,101,Portland OR-WA,OR,Lrg,2017,"2,050",47.2373372,-121.9866249,  7 ,  21 ,  14 ,  7 ,  10 ,  5 ,  21 ,  15 
79,101,Salem OR,OR,Sml,2017,260,44.9391565,-123.033121,  42 ,  135 ,  80 ,  124 ,  164 ,  173 ,  134 ,  91 
105,393,Albany OR,OR,Oth,2017,57,44.6365071,-123.1059324,  479 ,  454 ,  475 ,  376 ,  422 ,  373 ,  449 ,  481 
132,393,Bend OR,OR,Oth,2017,88,44.0581728,-121.3153096,  199 ,  318 ,  242 ,  196 ,  181 ,,  310 ,  239 
175,393,Corvallis OR,OR,Oth,2017,67,44.5645659,-123.2620435,  415 ,  452 ,  446 ,  196 ,  199 ,,  449 ,  454 
235,393,Grants Pass OR,OR,Oth,2017,55,42.4393707,-123.3272489,  447 ,  425 ,  418 ,  419 ,  457 ,  438 ,  413 ,  427 
333,393,Medford OR,OR,Oth,2017,166,42.3264181,-122.8718605,  370 ,  284 ,  378 ,  343 ,  348 ,  343 ,  280 ,  383 
3,101,Allentown PA-NJ,PA,Med,2017,680,40.626343,-75.458171,  92 ,  68 ,  93 ,  56 ,  79 ,  154 ,  68 ,  126 
67,101,Philadelphia PA-NJ-DE-MD,PA,Vlg,2017,"5,565",40.141501,-74.979768,  15 ,  10 ,  18 ,  25 ,  50 ,  41 ,  10 ,  22 
69,101,Pittsburgh PA,PA,Lrg,2017,"1,760",40.4416941,-79.9900861,  42 ,  35 ,  50 ,  72 ,  90 ,  91 ,  34 ,  49 
108,393,Altoona PA,PA,Oth,2017,81,40.518681,-78.394736,  279 ,  371 ,  301 ,  376 ,  348 ,  310 ,  371 ,  317 
140,393,Bloomsburg-Berwick PA,PA,Oth,2017,54,41.005609,-76.430563,  415 ,  437 ,  418 ,  462 ,  422 ,  401 ,  432 ,  404 
157,393,Chambersburg PA,PA,Oth,2017,52,39.9405903,-77.6598624,  447 ,  444 ,  463 ,  462 ,  422 ,  401 ,  439 ,  460 
196,393,East Stoudsburg PA-NJ,PA,Oth,2017,61,40.99954,-75.18129,  447 ,  323 ,  446 ,  419 ,  389 ,  292 ,  327 ,  456 
203,393,Erie PA,PA,Oth,2017,201,42.1294712,-80.0852695,  231 ,  202 ,  284 ,  261 ,  223 ,  235 ,  204 ,  307 
246,393,Hanover PA,PA,Oth,2017,66,39.8063247,-76.9842735,  415 ,  388 ,  378 ,  303 ,  281 ,  324 ,  390 ,  376 
248,393,Harrisburg PA,PA,Oth,2017,475,40.2663107,-76.8861122,  121 ,  81 ,  119 ,  224 ,  181 ,  122 ,  80 ,  112 
251,393,Hazleton PA,PA,Oth,2017,60,40.9646867,-75.9852789,  231 ,  426 ,  260 ,  419 ,  389 ,  310 ,  425 ,  260 
272,393,Johnstown PA,PA,Oth,2017,71,40.3267407,-78.9219698,  415 ,  450 ,  418 ,  376 ,  314 ,  207 ,  449 ,  424 
296,393,Lancaster PA,PA,Oth,2017,415,40.03813,-76.3056686,  199 ,  115 ,  242 ,  261 ,  223 ,  199 ,  116 ,  251 
301,393,Lebanon PA,PA,Oth,2017,82,40.3429683,-76.4233816,  447 ,  473 ,  475 ,  303 ,  314 ,,  473 ,  477 
343,393,Monessen-California PA,PA,Oth,2017,69,41.009505,-75.107749,  415 ,  445 ,  404 ,  462 ,  457 ,  292 ,  443 ,  420 
385,393,Pottstown PA,PA,Oth,2017,115,40.2452976,-75.6496424,  370 ,  357 ,  359 ,  343 ,  314 ,  216 ,  355 ,  370 
390,393,Reading PA,PA,Oth,2017,274,40.335345,-75.9279495,  231 ,  158 ,  242 ,  303 ,  281 ,  216 ,  159 ,  255 
415,393,Scranton PA,PA,Oth,2017,388,41.4086874,-75.6621294,  279 ,  132 ,  284 ,  376 ,  348 ,  228 ,  132 ,  287 
438,393,State College PA,PA,Oth,2017,92,40.7944504,-77.8616386,  370 ,  403 ,  404 ,  376 ,  348 ,  324 ,  407 ,  414 
456,393,Uniontown-Connellsville PA,PA,Oth,2017,50,39.804839,-79.91028,  332 ,  442 ,  324 ,  419 ,  422 ,  310 ,  443 ,  342 
482,393,Williamsport PA,PA,Oth,2017,56,41.2493292,-77.0027671,  231 ,  423 ,  260 ,  419 ,  389 ,  257 ,  425 ,  267 
489,393,York PA,PA,Oth,2017,239,39.962398,-76.727392,  199 ,  169 ,  242 ,  261 ,  199 ,  228 ,  168 ,  246 
72,101,Providence RI-MA,RI,Lrg,2017,"1,195",41.8239891,-71.4128343,  57 ,  45 ,  44 ,  86 ,  106 ,  111 ,  45 ,  65 
19,101,Charleston-North Charleston SC,SC,Med,2017,630,32.8754081,-79.9982712,  32 ,  61 ,  35 ,  31 ,  27 ,  27 ,  61 ,  45 
25,101,Columbia SC,SC,Med,2017,590,34.0007493,-81.0343313,  57 ,  74 ,  65 ,  124 ,  144 ,  131 ,  74 ,  84 
112,393,Anderson SC,SC,Oth,2017,79,34.5068601,-82.6506264,  199 ,  366 ,  301 ,  224 ,  223 ,  465 ,  360 ,  300 
215,393,Florence SC,SC,Oth,2017,99,34.1984435,-79.7671658,  133 ,  258 ,  167 ,  196 ,  223 ,  248 ,  261 ,  165 
240,393,Greenville SC,SC,Oth,2017,430,34.851354,-82.3984882,  133 ,  88 ,  152 ,  139 ,  164 ,  127 ,  86 ,  150 
255,393,Hilton Head Island SC,SC,Oth,2017,73,32.1618488,-80.7512616,  279 ,  334 ,  260 ,  103 ,  79 ,,  319 ,  247 
330,393,Mauldin-Simpsonville SC,SC,Oth,2017,142,34.73706,-82.25428,  133 ,  217 ,  167 ,  72 ,  61 ,  95 ,  209 ,  154 
353,393,Myrtle Beach-Socastee SC-NC,SC,Oth,2017,266,33.6858686,-78.9618912,  105 ,  124 ,  119 ,  155 ,  164 ,  451 ,  124 ,  113 
395,393,Rock Hill SC,SC,Oth,2017,117,34.9248667,-81.0250784,  166 ,  257 ,  199 ,  155 ,  106 ,  159 ,  256 ,  190 
429,393,Spartanburg SC,SC,Oth,2017,197,34.9498007,-81.9320157,  166 ,  167 ,  180 ,  261 ,  281 ,  199 ,  166 ,  181 
440,393,Sumter SC,SC,Oth,2017,75,33.9204354,-80.3414693,  231 ,  386 ,  301 ,  224 ,  246 ,  108 ,  378 ,  292 
389,393,Rapid City SD,SD,Oth,2017,91,44.0869329,-103.2274481,  231 ,  321 ,  260 ,  376 ,  348 ,  235 ,  322 ,  267 
425,393,Sioux Falls SD,SD,Oth,2017,174,43.5499749,-96.700327,  279 ,  233 ,  301 ,  376 ,  348 ,  276 ,  234 ,  323 
45,101,Knoxville TN,TN,Med,2017,605,35.9603948,-83.9210261,  66 ,  69 ,  65 ,  155 ,  199 ,  108 ,  69 ,  59 
54,101,Memphis TN-MS-AR,TN,Lrg,2017,"1,090",35.061955,-89.404061,  66 ,  52 ,  44 ,  79 ,  95 ,  154 ,  52 ,  127 
58,101,Nashville-Davidson TN,TN,Lrg,2017,"1,215",36.1622296,-86.7743531,  15 ,  33 ,  24 ,  34 ,  24 ,  33 ,  33 ,  20 
144,393,Bristol TN-VA,TN,Oth,2017,72,36.5945034,-82.1885212,  199 ,  341 ,  213 ,  419 ,  422 ,  310 ,  327 ,  206 
161,393,Chattanooga TN-GA,TN,Oth,2017,402,35.0457219,-85.3094883,  133 ,  93 ,  152 ,  183 ,  144 ,  76 ,  90 ,  146 
164,393,Clarksville TN-KY,TN,Oth,2017,177,36.684024,-87.291707,  166 ,  210 ,  242 ,  183 ,  181 ,  343 ,  204 ,  234 
165,393,Cleveland TN,TN,Oth,2017,82,35.1595182,-84.8766115,  166 ,  345 ,  213 ,  343 ,  348 ,  292 ,  327 ,  196 
267,393,Jackson TN,TN,Oth,2017,73,35.6144446,-88.8177418,  147 ,  348 ,  230 ,  303 ,  314 ,  422 ,  327 ,  203 
271,393,Johnson City TN,TN,Oth,2017,125,36.3134398,-82.3534728,  332 ,  296 ,  347 ,  376 ,  389 ,  324 ,  299 ,  359 
283,393,Kingsport TN-VA,TN,Oth,2017,109,36.550238,-82.5594293,  332 ,  322 ,  324 ,  419 ,  422 ,  373 ,  322 ,  335 
348,393,Morristown TN,TN,Oth,2017,61,36.2139814,-83.2948923,  199 ,  414 ,  242 ,  303 ,  314 ,  373 ,  413 ,  261 
6,101,Austin TX,TX,Lrg,2017,"1,620",30.2711286,-97.7436995,  20 ,  27 ,  14 ,  11 ,  7 ,  11 ,  28 ,  13 
10,101,Beaumont TX,TX,Sml,2017,300,30.0860459,-94.1018461,  92 ,  121 ,  80 ,  155 ,  199 ,  166 ,  123 ,  97 
16,101,Brownsville TX,TX,Sml,2017,225,25.9140256,-97.4890856,  147 ,  180 ,  145 ,  155 ,  199 ,  257 ,  182 ,  161 
27,101,Corpus Christi TX,TX,Sml,2017,340,27.7477253,-97.4014129,  80 ,  110 ,  93 ,  155 ,  164 ,  223 ,  111 ,  90 
28,101,Dallas-Fort Worth-Arlington TX,TX,Vlg,2017,"5,630",32.760067,-97.161607,  20 ,  9 ,  13 ,  23 ,  22 ,  26 ,  9 ,  18 
32,101,El Paso TX-NM,TX,Med,2017,825,31.759197,-106.49014,  80 ,  60 ,  80 ,  103 ,  106 ,  122 ,  60 ,  71 
39,101,Houston TX,TX,Vlg,2017,"5,180",29.7589382,-95.3676974,  7 ,  7 ,  9 ,  11 ,  12 ,  19 ,  7 ,  10 
47,101,Laredo TX,TX,Sml,2017,265,27.5199841,-99.4953764,  105 ,  145 ,  127 ,  86 ,  40 ,  93 ,  145 ,  147 
53,101,McAllen TX,TX,Med,2017,800,26.2043691,-98.230082,  133 ,  66 ,  93 ,  103 ,  95 ,  131 ,  66 ,  108 
81,101,San Antonio TX,TX,Lrg,2017,"2,000",29.4246002,-98.4951405,  32 ,  26 ,  35 ,  31 ,  24 ,  28 ,  26 ,  43 
102,393,Abilene TX,TX,Oth,2017,112,32.44645,-99.7475905,  279 ,  309 ,  324 ,  343 ,  348 ,  343 ,  305 ,  332 
109,393,Amarillo TX,TX,Oth,2017,205,35.2072185,-101.8338246,  199 ,  186 ,  260 ,  224 ,  246 ,  276 ,  181 ,  265 
167,393,College Station-Bryan TX,TX,Oth,2017,198,30.669727,-96.336353,  105 ,  161 ,  127 ,  103 ,  106 ,  292 ,  163 ,  128 
173,393,Conroe-The Woodlands TX,TX,Oth,2017,294,30.3118769,-95.4560512,  166 ,  129 ,  145 ,  103 ,  106 ,  159 ,  128 ,  153 
188,393,Denton-Lewisville TX,TX,Oth,2017,417,33.0042731,-96.9534436,  147 ,  90 ,  138 ,  56 ,  71 ,  82 ,  92 ,  137 
227,393,Galveston TX,TX,Oth,2017,80,29.299328,-94.7945882,  479 ,  412 ,  404 ,  56 ,  40 ,  68 ,  413 ,  414 
247,393,Harlingen TX,TX,Oth,2017,147,26.1908241,-97.6959794,  415 ,  351 ,  432 ,  419 ,  457 ,  401 ,  355 ,  437 
282,393,Killeen TX,TX,Oth,2017,226,31.1171441,-97.727796,  370 ,  229 ,  378 ,  261 ,  281 ,  343 ,  234 ,  393 
294,393,Lake Jackson-Angleton TX,TX,Oth,2017,85,29.865649,-99.686783,  279 ,  374 ,  284 ,  343 ,  348 ,  401 ,  371 ,  300 
315,393,Longview TX,TX,Oth,2017,104,32.5007031,-94.74049,  147 ,  249 ,  145 ,  155 ,  164 ,  324 ,  252 ,  151 
319,393,Lubbock TX,TX,Oth,2017,252,33.5635206,-101.879336,  279 ,  176 ,  284 ,  261 ,  314 ,  373 ,  178 ,  299 
332,393,McKinney TX,TX,Oth,2017,210,33.1976496,-96.6154471,  279 ,  219 ,  284 ,  224 ,  246 ,  310 ,  219 ,  284 
338,393,Midland TX,TX,Oth,2017,141,31.9973662,-102.0779482,  199 ,  250 ,  230 ,  261 ,  314 ,  276 ,  246 ,  224 
363,393,Odessa TX,TX,Oth,2017,147,31.8457149,-102.367687,  105 ,  212 ,  135 ,  261 ,  281 ,  324 ,  209 ,  131 
379,393,Port Arthur TX,TX,Oth,2017,153,29.8988618,-93.9288723,  231 ,  222 ,  213 ,  261 ,  281 ,  373 ,  224 ,  219 
403,393,San Angelo TX,TX,Oth,2017,98,31.4648357,-100.4398442,  279 ,  325 ,  301 ,  224 ,  246 ,  422 ,  322 ,  326 
406,393,San Marcos TX,TX,Oth,2017,72,29.8826436,-97.9405828,  415 ,  391 ,  378 ,  343 ,  348 ,  228 ,  387 ,  368 
420,393,Sherman TX,TX,Oth,2017,69,36.2452294,-101.8858689,  415 ,  434 ,  418 ,  419 ,  457 ,  438 ,  432 ,  424 
443,393,Temple TX,TX,Oth,2017,103,31.098207,-97.3427847,  199 ,  287 ,  190 ,  261 ,  314 ,  166 ,  283 ,  188 
445,393,Texarkana TX-AR,TX,Oth,2017,85,33.4201041,-94.0425556,  231 ,  355 ,  284 ,  376 ,  389 ,  324 ,  347 ,  275 
446,393,Texas City TX,TX,Oth,2017,118,29.396013,-94.9175485,  332 ,  315 ,  324 ,  343 ,  348 ,  292 ,  314 ,  348 
455,393,Tyler TX,TX,Oth,2017,146,32.3512601,-95.3010624,  66 ,  164 ,  135 ,  79 ,  95 ,  310 ,  157 ,  121 
461,393,Victoria TX,TX,Oth,2017,69,28.8026443,-96.9766308,  105 ,  307 ,  145 ,  196 ,  246 ,  373 ,  299 ,  136 
466,393,Waco TX,TX,Oth,2017,186,31.549333,-97.1466695,  279 ,  223 ,  301 ,  343 ,  348 ,  235 ,  219 ,  294 
480,393,Wichita Falls TX,TX,Oth,2017,100,33.9137085,-98.4933873,  370 ,  397 ,  404 ,  376 ,  422 ,  373 ,  390 ,  408 
73,101,Provo-Orem UT,UT,Med,2017,555,40.3139012,-111.6565532,  105 ,  118 ,  190 ,  196 ,  223 ,  154 ,  121 ,  223 
80,101,Salt Lake City-West Valley City UT,UT,Lrg,2017,"1,115",40.707662,-111.800672,  20 ,  49 ,  61 ,  79 ,  79 ,  68 ,  49 ,  63 
312,393,Logan UT,UT,Oth,2017,104,41.7313447,-111.8348631,  447 ,  461 ,  485 ,  343 ,  348 ,,  443 ,  476 
364,393,Ogden-Layton UT,UT,Oth,2017,607,41.047366,-112.0281107,  332 ,  127 ,  378 ,  261 ,  246 ,  159 ,  112 ,  358 
436,393,St. George UT,UT,Oth,2017,108,37.104153,-113.5841313,  370 ,  409 ,  432 ,  462 ,  486 ,  422 ,  387 ,  420 
75,101,Richmond VA,VA,Lrg,2017,"1,015",37.5385087,-77.43428,  80 ,  56 ,  111 ,  183 ,  199 ,  194 ,  56 ,  129 
96,101,Virginia Beach VA,VA,Lrg,2017,"1,470",36.8529841,-75.9774183,  105 ,  42 ,  50 ,  86 ,  106 ,  87 ,  42 ,  85 
137,393,Blacksburg VA,VA,Oth,2017,94,37.2296566,-80.4136767,  370 ,  385 ,  359 ,  343 ,  281 ,  292 ,  387 ,  400 
160,393,Charlottesville VA,VA,Oth,2017,104,38.029306,-78.4766781,  92 ,  184 ,  69 ,  56 ,  79 ,  149 ,  188 ,  56 
223,393,Fredericksburg VA,VA,Oth,2017,158,38.3031837,-77.4605399,  147 ,  182 ,  145 ,  139 ,  144 ,  127 ,  182 ,  149 
249,393,Harrisonburg VA,VA,Oth,2017,72,38.4493315,-78.8688833,  199 ,  331 ,  199 ,  303 ,  281 ,  373 ,  337 ,  220 
320,393,Lynchburg VA,VA,Oth,2017,127,37.4137536,-79.1422464,  147 ,  214 ,  152 ,  196 ,  199 ,  235 ,  219 ,  169 
393,393,Roanoke VA,VA,Oth,2017,217,37.270973,-79.9414313,  166 ,  155 ,  190 ,  224 ,  246 ,  235 ,  159 ,  195 
439,393,Staunton-Waynesboro VA,VA,Oth,2017,57,38.1495947,-79.072557,  370 ,  410 ,  378 ,  376 ,  389 ,  401 ,  413 ,  406 
481,393,Williamsburg VA,VA,Oth,2017,85,37.2789211,-76.6944861,  279 ,  324 ,  284 ,  303 ,  314 ,  228 ,  337 ,  314 
484,393,Winchester VA,VA,Oth,2017,71,39.1852184,-78.1652404,  105 ,  270 ,  127 ,  196 ,  223 ,  199 ,  261 ,  110 
147,393,Burlington VT,VT,Oth,2017,112,44.4762975,-73.2135472,  147 ,  226 ,  152 ,  196 ,  199 ,  228 ,  228 ,  156 
87,101,Seattle WA,WA,Vlg,2017,"3,400",47.6038321,-122.3300624,  7 ,  12 ,  7 ,  5 ,  8 ,  7 ,  12 ,  9 
88,101,Spokane WA,WA,Sml,2017,405,47.6571934,-117.4235106,  15 ,  83 ,  61 ,  103 ,  132 ,  145 ,  82 ,  59 
130,393,Bellingham WA,WA,Oth,2017,119,48.7544012,-122.4788361,  166 ,  215 ,  138 ,  139 ,  164 ,  166 ,  218 ,  140 
143,393,Bremerton WA,WA,Oth,2017,215,47.5653663,-122.6246836,  199 ,  165 ,  180 ,  124 ,  106 ,  103 ,  171 ,  187 
280,393,Kennewick-Pasco WA,WA,Oth,2017,235,46.2185316,-119.1046607,  370 ,  234 ,  359 ,  343 ,  314 ,  223 ,  232 ,  370 
316,393,Longview WA-OR,WA,Oth,2017,67,46.1377048,-122.9344623,  199 ,  367 ,  213 ,  303 ,  314 ,  276 ,  366 ,  218 
329,393,Marysville WA,WA,Oth,2017,164,48.0517429,-122.1768209,  231 ,  207 ,  213 ,  139 ,  106 ,  99 ,  209 ,  216 
349,393,Mount Vernon WA,WA,Oth,2017,68,48.4200462,-122.32642,  166 ,  377 ,  190 ,  261 ,  246 ,  235 ,  371 ,  192 
365,393,Olympia-Lacey WA,WA,Oth,2017,198,46.9913408,-122.7939389,  166 ,  159 ,  152 ,  183 ,  181 ,  119 ,  157 ,  151 
468,393,Walla Walla-WA-OR,WA,Oth,2017,56,46.0667277,-118.3393456,  447 ,  488 ,  463 ,  376 ,  389 ,  207 ,  486 ,  471 
476,393,Wenatchee WA,WA,Oth,2017,73,47.4234599,-120.3103494,  199 ,  316 ,  180 ,  103 ,  95 ,  95 ,  314 ,  174 
487,393,Yakima WA,WA,Oth,2017,137,46.601557,-120.5108421,  279 ,  277 ,  301 ,  224 ,  246 ,  257 ,  268 ,  305 
52,101,Madison WI,WI,Sml,2017,445,43.074761,-89.3837613,  80 ,  107 ,  93 ,  124 ,  144 ,  103 ,  108 ,  133 
56,101,Milwaukee WI,WI,Lrg,2017,"1,410",43.0349931,-87.922497,  29 ,  41 ,  50 ,  86 ,  106 ,  76 ,  41 ,  54 
116,393,Appleton WI,WI,Oth,2017,226,44.2611337,-88.4067604,  332 ,  216 ,  359 ,  376 ,  422 ,  276 ,  213 ,  367 
131,393,Beloit WI-IL,WI,Oth,2017,65,42.5009819,-89.0157777,  415 ,  475 ,  446 ,  462 ,  457 ,  401 ,  473 ,  452 
197,393,Eau Claire WI,WI,Oth,2017,107,44.811349,-91.4984941,  447 ,  392 ,  418 ,  419 ,  422 ,  324 ,  394 ,  424 
217,393,Fond du Lac WI,WI,Oth,2017,58,43.7748763,-88.4458033,  447 ,  475 ,  463 ,  462 ,  457 ,  401 ,  473 ,  470 
238,393,Green Bay WI,WI,Oth,2017,214,44.5126379,-88.0125794,  332 ,  224 ,  359 ,  419 ,  457 ,  343 ,  224 ,  368 
269,393,Janesville WI,WI,Oth,2017,73,42.6829765,-89.0226793,  332 ,  389 ,  324 ,  343 ,  348 ,  248 ,  390 ,  319 
281,393,Kenosha WI-IL,WI,Oth,2017,127,42.5846773,-87.8212263,  147 ,  239 ,  213 ,  183 ,  223 ,  138 ,  219 ,  186 
287,393,La Crosse WI-MN,WI,Oth,2017,104,43.8014053,-91.2395429,  279 ,  346 ,  347 ,  343 ,  314 ,  343 ,  337 ,  347 
366,393,Oshkosh WI,WI,Oth,2017,82,44.0206919,-88.5408574,  415 ,  431 ,  418 ,  419 ,  422 ,  401 ,  429 ,  429 
388,393,Racine WI,WI,Oth,2017,135,42.7260523,-87.7825242,  199 ,  252 ,  260 ,  183 ,  181 ,  103 ,  242 ,  243 
399,393,Round Lake Bch-McHenry-Grayslake IL-WI,WI,Oth,2017,297,44.50024,-90.00041,  493 ,  492 ,  493 ,  303 ,  314 ,  177 ,  492 ,  493 
419,393,Sheboygan WI,WI,Oth,2017,72,43.7508284,-87.71453,  415 ,  460 ,  446 ,  419 ,  422 ,  343 ,  457 ,  457 
474,393,Wausau WI,WI,Oth,2017,78,44.9596017,-89.6298239,  370 ,  418 ,  378 ,  462 ,  486 ,  343 ,  413 ,  387 
477,393,West Bend WI,WI,Oth,2017,70,43.4252776,-88.1834277,  415 ,  457 ,  432 ,  462 ,  457 ,  422 ,  457 ,  443 
129,393,Beckley WV,WV,Oth,2017,64,37.7781702,-81.1881557,  479 ,  464 ,  475 ,  493 ,  486 ,  324 ,  443 ,  472 
159,393,Charleston WV,WV,Oth,2017,175,38.3505995,-81.6332812,  332 ,  295 ,  378 ,  419 ,  457 ,  292 ,  289 ,  374 
261,393,Huntington WV-KY-OH,WV,Oth,2017,206,38.410222,-82.435487,  279 ,  201 ,  284 ,  376 ,  422 ,  257 ,  200 ,  303 
347,393,Morgantown WV,WV,Oth,2017,75,39.6296809,-79.9559437,  370 ,  448 ,  432 ,  419 ,  457 ,  310 ,  443 ,  432 
371,393,Parkersburg WV-OH,WV,Oth,2017,69,39.2716289,-81.5682342,  447 ,  484 ,  463 ,  462 ,  457 ,  310 ,  480 ,  466 
475,393,Weirton-Steubenville WV-OH-PA,WV,Oth,2017,73,39.077365,-78.593865,  279 ,  404 ,  324 ,  462 ,  457 ,  248 ,  394 ,  319 
479,393,Wheeling WV-OH,WV,Oth,2017,101,40.045367,-80.653521,  147 ,  294 ,  180 ,  462 ,  422 ,  235 ,  286 ,  160 
155,393,Casper WY,WY,Oth,2017,78,42.866632,-106.313081,  415 ,  430 ,  404 ,  303 ,  281 ,  99 ,  432 ,  409 
162,393,Cheyenne WY,WY,Oth,2017,79,41.139981,-104.820246,  415 ,  429 ,  418 ,  419 ,  422 ,  292 ,  429 ,  418 